"Item type","Authors","Title","Journal","Publication year","Date published","URLs","DOI"
"Journal Article","Carmon O,Teschner N,Zemah-Shamir S,Parag Y","Evaluating energy security in decentralized systems: Review and new index","Energy Strategy Reviews","2025","2025","http://dx.doi.org/10.1016/j.esr.2025.101754","10.1016/j.esr.2025.101754"
"Journal Article","Wellens-Miles C,Guo R,Liu N,Parkinson S,Vallati M","A Systematic Literature Review of Simulated Cyber Attacks on Vehicles and Urban Traffic Control","IEEE Transactions on Intelligent Transportation Systems","2025","2025","http://dx.doi.org/10.1109/tits.2025.3576922","10.1109/tits.2025.3576922"
"Journal Article","Bwiino K,Kituyi GM,Nkamwesiga L,Nyamadi","Information Security Behavior in Higher Education Institutions","Journal of Information Security and Cybercrimes Research","2025","2025","http://dx.doi.org/10.26735/yqbx3351","10.26735/yqbx3351"
"Journal Article","Awad RM,Pham T,Stratton J,Leibowitz E,Solomon DH","Mobile health applications for individuals with psoriatic arthritis","Rheumatology Advances in Practice","2024","2024","http://dx.doi.org/10.1093/rap/rkae142","10.1093/rap/rkae142"
"Journal Article","Anane W,Iordanova I,Ouellet-Plamondon C","Building Information Modeling (BIM) and Robotic Manufacturing Technological Interoperability in Construction – A Cyclic Systematic Literature Review","Digital Manufacturing Technology","2023","2023","http://dx.doi.org/10.37256/dmt.3120231856","10.37256/dmt.3120231856"
"Journal Article","Ijaz N,Hunter J,Grant S,Templeman K","Protocol for a scoping review of traditional medicine research methods, methodologies, frameworks and strategies","Frontiers in medicine","2024","2024","http://dx.doi.org/10.3389/fmed.2024.1409392","10.3389/fmed.2024.1409392"
"Journal Article","Palavani L,Camerotte R,Nogueira BV,Ferreira MY,Oliveira L,Mitre LP,Castro WC,Gomes GL,Paleare LF,Batista S,Andreão F,Bertani R,Polverini A","Innovative solutions? Belzutifan therapy for hemangioblastomas in Von Hippel-Lindau disease: A systematic review and single-arm meta-analysis","Journal of clinical neuroscience","2024","2024","http://dx.doi.org/10.1016/j.jocn.2024.110774","10.1016/j.jocn.2024.110774"
"Journal Article","Brusseel A,Raeymaeckers P,Verschuere B","Conceptualizing Policy Advocacy Effectiveness in NPO Research: A Scoping Review of Criteria and Indicators","VOLUNTAS International Journal of Voluntary and Nonprofit Organizations","2024","2024","http://dx.doi.org/10.1007/s11266-024-00692-1","10.1007/s11266-024-00692-1"
"Journal Article","Chua CS,Lim WM,Teh PL","Older Adults’ Adoption of Technology-Mediated Mobility Solutions: A Review and Agenda","Activities, Adaptation & Aging","2024","2024","http://dx.doi.org/10.1080/01924788.2024.2343605","10.1080/01924788.2024.2343605"
"Journal Article","Nancy O,Stefania D,Andrew L","A Benchmark for Math Misconceptions: Bridging Gaps in Middle School Algebra with AI-Supported Instruction","arXiv. org","2024","2024","http://dx.doi.org/10.48550/arxiv.2412.03765","10.48550/arxiv.2412.03765"
"Journal Article","Daemei AB,Lovreglio R,Feng Z,Paes D,Miller C","Gamification for air quality education: a systematic literature review","Building and Environment","2025","2025","http://dx.doi.org/10.1016/j.buildenv.2025.112526","10.1016/j.buildenv.2025.112526"
"Journal Article","Brändle L,Rönnert AL,Moergen KJ,Zhao EY","Social class origin and entrepreneurship: An integrative review and research agenda","Journal of Business Venturing","2025","2025","http://dx.doi.org/10.1016/j.jbusvent.2025.106503","10.1016/j.jbusvent.2025.106503"
"Journal Article","Gao H,Ghahramani A","A Structured Review of Physiological-Based Thermal Comfort Models: Evaluating Sensing Systems, Data Preprocessing, and Modeling Approaches","Energy and Buildings","2025","2025","http://dx.doi.org/10.1016/j.enbuild.2025.116690","10.1016/j.enbuild.2025.116690"
"Journal Article","Río MÁ,Cornejo VR,Castro PI,Madueño JH","The Implementation of Corporate Social Responsibility Policies in the Tourism Industry and Sustainable Development Goals: A Review of Progress, Challenges, and Opportunities","Sustainability","2025","2025","http://dx.doi.org/10.3390/su17136044","10.3390/su17136044"
"Journal Article","Chaudhary A,Javed A,Colombo W,Manchego FA","Exploring the Safe Integration of Generative AI in Cybersecurity Education Addressing Challenges in Transparency, Accuracy, and Security","Lecture notes in networks and systems","2024","2024","http://dx.doi.org/10.1007/978-3-031-77524-6_1","10.1007/978-3-031-77524-6_1"
"Journal Article","Rótolo GC,Vassillo C,Rodriguez AA,Magnano L,Vaccaro MM,Civit BM,Covacevich MS,Arena AP,Ulgiati S","Perception and awareness of circular economy options within sectors related to agriculture in Argentina","Journal of Cleaner Production","2022","2022","http://dx.doi.org/10.1016/j.jclepro.2022.133805","10.1016/j.jclepro.2022.133805"
"Journal Article","Hidayat R,Wardat Y","A systematic review of Augmented Reality in Science, Technology, Engineering and Mathematics education","Education and Information Technologies : Official Journal of the IFIP technical committee on Education","2023","2023","http://dx.doi.org/10.1007/s10639-023-12157-x","10.1007/s10639-023-12157-x"
"Journal Article","Tosolini KE,Damen S,Janssen MJ,Minnaert A","A Piagetian lens on cognitive development of children and youths with congenital deafblindness: a scoping review","Frontiers in Education","2025","2025","http://dx.doi.org/10.3389/feduc.2025.1479668","10.3389/feduc.2025.1479668"
"Journal Article","Heikkilä M","Gender and gender equality in research on preschools and ECEC in Sweden 2002-2022","Journal of Early Childhood Education and Research","2025","2025","http://dx.doi.org/10.58955/jecer.154838","10.58955/jecer.154838"
"Journal Article","Selvaraj K,Singh MM,Zaaba ZF","A conceptual framework to mitigate ransomware attacks on IoMT devices using threat intelligence: a systematic literature review","Computer Science Review","2025","2025","http://dx.doi.org/10.1016/j.cosrev.2025.100801","10.1016/j.cosrev.2025.100801"
"Journal Article","Pant A,Baniya AA,Lee TK,Aryal S","Hyperspectral Anomaly Detection Methods: A Survey and Comparative Study","arXiv. org","2025","2025","http://dx.doi.org/10.48550/arxiv.2507.05730","10.48550/arxiv.2507.05730"
"Journal Article","Klefbeck K","A Scoping Review of Teacher–Parent Collaboration for Communicative Development in Students With Intellectual Disabilities","British Journal of Learning Disabilities","2026","2026","http://dx.doi.org/10.1111/bld.70041","10.1111/bld.70041"
"Journal Article","Wickramasekara AN,Abdelmegid MA,Bidhendi A,Poshdar M,Ying F,O'Sullivan M,Walker C","Synergies between serious games and production planning and control: a systematic literature review","Smart and Sustainable Built Environment","2025","2025","http://dx.doi.org/10.1108/sasbe-11-2024-0477","10.1108/sasbe-11-2024-0477"
"Journal Article","Muzammel CS,Spichkova M,Harland J","Cultural influence on RE activities: An extended analysis of state of the art","arXiv. org","2024","2024","http://dx.doi.org/10.1145/3640471.3680236","10.1145/3640471.3680236"
"Journal Article","Salinas G,Abril C","Integrating sustainability into brand valuation models: an integrative literature review","European Journal of Management and Business Economics","2025","2025","http://dx.doi.org/10.1108/ejmbe-03-2024-0104","10.1108/ejmbe-03-2024-0104"
"Journal Article","Dookurong ID,Arthor YD,Akwerty E","A Systematic Review of the Integration of Collaborative Learning and Polya’s Problem-Solving Strategy for Enhancing Pre-service Teachers’ Critical Thinking","International Journal of Studies in Education and Science","2025","2025","http://dx.doi.org/10.46328/ijses.5520","10.46328/ijses.5520"
"Journal Article","Feruglio L,Bressan V,Cadorin L","Violence Against Nurses During Care: A Systematic Review","Journal of Clinical Nursing","2024","2024","http://dx.doi.org/10.1111/jocn.17424","10.1111/jocn.17424"
"Journal Article","Almegdadi O,Marcelino J,Fakhreddine S,Manso J,Marques NC","Self-organizing maps for water quality assessment in reservoirs and lakes: A systematic literature review","Ecological Informatics","2025","2025","http://dx.doi.org/10.1016/j.ecoinf.2025.103542","10.1016/j.ecoinf.2025.103542"
"Journal Article","Malcher P,Silva E,Viana D,Santos R","What do we know about requirements management in software ecosystems?","Requirements Engineering","2023","2023","http://dx.doi.org/10.1007/s00766-023-00407-w","10.1007/s00766-023-00407-w"
"Journal Article","Liatsou Ε,Bellos I,Katsaros I,Michailidou S,Karela NR,Mantziari S,Rouvelas I,Schizas D","Sex differences in survival following surgery for esophageal cancer: A systematic review and meta-analysis","Diseases of the esophagus","2024","2024","http://dx.doi.org/10.1093/dote/doae063","10.1093/dote/doae063"
"Journal Article","Paolone G,Paesani R,Pilotti F,Camplone J,Piazza A,Felice PD","Smart Lighting Systems: State-of-the-Art in the Adoption of the EdgeML Computing Paradigm","Future Internet","2025","2025","http://dx.doi.org/10.3390/fi17020090","10.3390/fi17020090"
"Journal Article","Fernández M,Diéguez AI","Links between food tourism and the local economy: a systematic literature review","Sustainable Futures","2025","2025","http://dx.doi.org/10.1016/j.sftr.2025.100959","10.1016/j.sftr.2025.100959"
"Journal Article","Escherich C,Horst T,Lieder M,Fottner J","End-of-Life Management of Long-Haul Trucks: Disassembly Analysis, Material Flows, and Insights for a Circular Economy","Cleaner Production Letters","2026","2026","http://dx.doi.org/10.1016/j.clpl.2026.100143","10.1016/j.clpl.2026.100143"
"Journal Article","Schuler C,Ntow GE,Berner R,Oo ST,Pfister RE","Family systems care approaches and methodologies for maternal, newborn and child health in low- and middle-income countries: a scoping review","Global Health Action","2025","2025","http://dx.doi.org/10.1080/16549716.2025.2567714","10.1080/16549716.2025.2567714"
"Journal Article","Barros CF,Azevedo BB,Neto VV,Kassab M,Kalinowski M,Nascimento HA,Bandeira MC","Large Language Model for Qualitative Research -- A Systematic Mapping Study","arXiv. org","2024","2024","http://dx.doi.org/10.48550/arxiv.2411.14473","10.48550/arxiv.2411.14473"
"Journal Article","Gomes F,Mendes TS,Freire S,Spínola R,Mendonça M","Investigating the Use of Snowballing on Q&A Websites","Lecture notes in computer science","2025","2025","http://dx.doi.org/10.1007/978-3-032-04200-2_17","10.1007/978-3-032-04200-2_17"
"Journal Article","Brauner S,Moschner J,Brumme A,Hölzlberger F","More than chair circles? A qualitative systematic review of serious games related to water governance and their potential effects on policy design","Water International","2025","2025","http://dx.doi.org/10.1080/02508060.2025.2501511","10.1080/02508060.2025.2501511"
"Journal Article","Willis M,Nilsson A,Kellerborg K,Lwin ZM,Prelaj A","Budget impact models for lung cancer interventions: A systematic literature review","Journal of Managed Care & Specialty Pharmacy","2024","2024","http://dx.doi.org/10.18553/jmcp.2024.30.9.1041","10.18553/jmcp.2024.30.9.1041"
"Journal Article","Prather J,Denny P,Leinonen J,Becker BA,Albluwi I,Craig M,Keuning H,Kiesler N,Kohn T,Luxton-Reilly A,MacNeil S,Petersen A,Pettit R,Reeves B,Šavelka J","The Robots Are Here: Navigating the Generative AI Revolution in Computing Education","ITiCSE-WGR","2023","2023","http://dx.doi.org/10.1145/3623762.3633499","10.1145/3623762.3633499"
"Journal Article","Gallo M,Viola A,Romagnoli G","The Contribution of RFID to Circular Economy Deployment: A Literature Review","International Journal of RF Technologies","2025","2025","http://dx.doi.org/10.1177/17545730251331373","10.1177/17545730251331373"
"Journal Article","Kar A,Chakraborty D,Mazumder S,Datta PR","Developing a Framework Driven by Analytics to Forecast the Binding Free Energy Level and, Consequently, the New Inhibitor Nature of Medicinal Chemical Compounds","Communications in computer and information science","2025","2025","http://dx.doi.org/10.1007/978-3-032-09153-6_3","10.1007/978-3-032-09153-6_3"
"Journal Article","Panda G,Aggarwal S,Kaswan MS,Dhillon K","Artificial intelligence in agile human resource practices: systematic literature review and bibliometric analysis","International Journal of Lean Six Sigma","2024","2024","http://dx.doi.org/10.1108/ijlss-07-2024-0159","10.1108/ijlss-07-2024-0159"
"Journal Article","Chapman AJ,Rohlf V,Moser AY,Bennett PC","Organizational Factors Affecting Burnout in Veterinary Nurses: A Systematic Review","Anthrozoos","2024","2024","http://dx.doi.org/10.1080/08927936.2024.2333161","10.1080/08927936.2024.2333161"
"Journal Article","Fares‐Otero NE,Budde M,Laatsch J,Harrer M,Pelgrim TA,Philipsen A,Heilbronner U,Vieta E,van Westrhenen R","Efficacy of pharmacogenetic (PGx)-guided antidepressant treatment on functional outcomes and quality of life in adults with anxiety and affective disorders: A systematic review and meta-analysis","European Neuropsychopharmacology","2025","2025","http://dx.doi.org/10.1016/j.euroneuro.2025.08.003","10.1016/j.euroneuro.2025.08.003"
"Journal Article","Wickramasekara AN,Abdelmegid M,Bidhendi A,Poshdar M,Ying F,O'Sullivan M,Walker C","Synergies between serious games and production planning and control: a systematic literature review","Smart and Sustainable Built Environment","2025","2025","http://dx.doi.org/10.1108/sasbe-11-2024-0477","10.1108/sasbe-11-2024-0477"
"Journal Article","Moganadas SR,Goh G","Digital Employee Experience Constructs and Measurement Framework: A Review and Synthesis","International Journal of Technology","2022","2022","http://dx.doi.org/10.14716/ijtech.v13i5.5830","10.14716/ijtech.v13i5.5830"
"Journal Article","Shah H,Ahmad KM,Manan MM,Nabi S,Wani TA","Deschooling society and open learning: gaining insights from Ivan Illich’s work","Open Learning: The Journal of Open, Distance and e-Learning","2024","2024","http://dx.doi.org/10.1080/02680513.2024.2416483","10.1080/02680513.2024.2416483"
"Journal Article","Graml R,Kneip V","Gendered Stereotypes on Working From Home (WFH) before and after the Pandemic","Swiss Journal of Sociology","2025","2025","http://dx.doi.org/10.26034/cm.sjs.2025.6151","10.26034/cm.sjs.2025.6151"
"Journal Article","Köseoğlu A,Sunar H,Ateş A","Sıfır Atık Restoranlara İlişkin Literatürün PRISMA Yöntemiyle İncelenmesi","İzmir democracy university social sciences journal","2025","2025","http://dx.doi.org/10.61127/idusos.1783490","10.61127/idusos.1783490"
"Journal Article","García‐Berná JA,Pandiarajan G,Ouhbi S,Groß JV,Nicolás J","Structured Framework for Joint Software Quality and Environmental Sustainability Assessment: A Case Study in Sports Websites","Journal of Systems and Software","2026","2026","http://dx.doi.org/10.1016/j.jss.2026.112798","10.1016/j.jss.2026.112798"
"Journal Article","Ezenyi I,Picozzi K,Amaka JI,Adigwe OP","Factors influencing health workers’ adherence to malaria treatment guidelines in under-five children in Nigeria: A scoping review","PubMed","2024","2024","http://dx.doi.org/10.5281/zenodo.13934643","10.5281/zenodo.13934643"
"Journal Article","Deck L,Schoeffer J,De-Arteaga M,Kühl N","A Critical Survey on Fairness Benefits of Explainable AI","Conference on Fairness, Accountability and Transparency","2023","2023","http://dx.doi.org/10.1145/3630106.3658990","10.1145/3630106.3658990"
"Journal Article","Jing-wen MA,Samarasinghe DA,Rotimi JO,Zuo K","Supply Chain Landscape of 3D Printed Buildings: A Stakeholder Decision Support Framework","Buildings","2024","2024","http://dx.doi.org/10.3390/buildings14061811","10.3390/buildings14061811"
"Journal Article","Khan M,Ahmad A,Sobieczky F,Pichler M,Moser B,Bukovský I","A Systematic Mapping Study of Predictive Maintenance in SMEs","IEEE Access","2022","2022","http://dx.doi.org/10.1109/access.2022.3200694","10.1109/access.2022.3200694"
"Journal Article","Kovaleva Y,Minu RI,Happonen A","Promoting and Developing Sustainable Behavior among Engineering Students: The Role of Higher Education Institutions, Digital Environments and Digital Technologies","Highlights of Sustainability","2026","2026","http://dx.doi.org/10.54175/hsustain5010011","10.54175/hsustain5010011"
"Journal Article","Debrock S,Van Acker M,Admiraal H","Design recommendations for sustainable urban underground spaces","Tunnelling and Underground Space Technology","2023","2023","http://dx.doi.org/10.1016/j.tust.2023.105332","10.1016/j.tust.2023.105332"
"Journal Article","Ribeiro DD,Nakano D","Going global, staying resilient: dual-Role drivers in SMEs","Small Enterprise Research","2025","2025","http://dx.doi.org/10.1080/13215906.2025.2609544","10.1080/13215906.2025.2609544"
"Journal Article","Nishiwaki N,Oe A","Cooperative management of an initial training program: case study of a Czech production site of a Japanese globalized manufacturing firm","International Journal of Operations & Production Management","2023","2023","http://dx.doi.org/10.1108/ijopm-04-2023-0270","10.1108/ijopm-04-2023-0270"
"Journal Article","Nouri A","A scoping review of educational neurotechnology: Methods, applications, opportunities, and challenges","Review of Education","2025","2025","http://dx.doi.org/10.1002/rev3.70070","10.1002/rev3.70070"
"Journal Article","Ramalho E,Lima F,López-Maciel M,Madaleno M,Villar J,Dias MF,Botelho A,Meireles M,Robaina M","Understanding wind Energy Economic externalities impacts: A systematic literature review","Renewable and Sustainable Energy Reviews","2024","2024","http://dx.doi.org/10.1016/j.rser.2024.115120","10.1016/j.rser.2024.115120"
"Journal Article","Abdrashitova Z,Akhmetova S","Challenges and opportunities of creating visual media content as output of project-based research in history classes: Perspectives of students of Nazarbayev intellectual School in Astana","International Journal of Innovative Research and Scientific Studies","2025","2025","http://dx.doi.org/10.53894/ijirss.v8i6.9601","10.53894/ijirss.v8i6.9601"
"Journal Article","Murphy L,Saifi M,Sandro AD,Chećhik M","A structural taxonomy for lifted software product line analyses","Journal of Systems and Software","2024","2024","http://dx.doi.org/10.1016/j.jss.2024.112280","10.1016/j.jss.2024.112280"
"Journal Article","Bindu R,Vimala V","Scholarly Insights and Trends in Microfinance Institutions: A Bibliometric Perspective","Indian Journal of Information Sources and Services","2026","2026","http://dx.doi.org/10.51983/ijiss-2026.16.1.78","10.51983/ijiss-2026.16.1.78"
"Journal Article","Keefa B,Kituyi GM,Nkamwesiga L,Nyamadi M","Information Security in Higher Education Institutions: A Systematic Literature Review","Innovations and Insights in Operations Research for Resilience and Sustainability","2025","2025","http://dx.doi.org/10.56279/orseaj.c2024.18","10.56279/orseaj.c2024.18"
"Journal Article","Kassa G,Sangha KK,Murphy BP,Mazhar MS","Challenges and prospects of cotton farming in the tropics: lessons for northern Australia","Journal of Cotton Research","2026","2026","http://dx.doi.org/10.1186/s42397-025-00249-7","10.1186/s42397-025-00249-7"
"Journal Article","Leavy S,Allegretti G,Presotto E,Montoya M,Talamini E","Measuring the bioeconomy economically: exploring the connections between concepts, methods, data, indicators and their limitations","Sustainability","2024","2024","http://dx.doi.org/10.3390/su16208727","10.3390/su16208727"
"Journal Article","Thomas T","Exploring continuous improvement and Industry 4.0 integration through the lens of the digital transformation pyramid","International Journal of Lean Six Sigma","2026","2026","http://dx.doi.org/10.1108/ijlss-06-2024-0130","10.1108/ijlss-06-2024-0130"
"Journal Article","Rique T,Dantas E,Albuquerque D,Perkusich M,Gorgônio K,Almeida H,Perkusich A","Shedding Light on the Techniques for Building Bayesian Networks in Software Engineering","International Symposium on Information Science and Engineering","2023","2023","http://dx.doi.org/10.5753/ise.2023.235744","10.5753/ise.2023.235744"
"Journal Article","Vuoriainen A,Rikala P,Heilala V,Lehesvuori S,Oz S,Kettunen L,Hämäläinen R","The six C’s of successful higher education-industry collaboration in engineering education: a systematic literature review","European Journal of Engineering Education","2024","2024","http://dx.doi.org/10.1080/03043797.2024.2432440","10.1080/03043797.2024.2432440"
"Journal Article","Videira S,Rodrigues MA,Santos J,Guedes JC,Martins JP,Silva","Prevalence of the use of dosimeters for ionizing radiation from fluoroscopy − a systematic literature review and meta-analysis","Physica Medica","2025","2025","http://dx.doi.org/10.1016/j.ejmp.2025.105037","10.1016/j.ejmp.2025.105037"
"Journal Article","Szilágyi S,Körei A,Vaičiulytė I","The Role of Non-Digital and Digital UNO-Type Card Games as Learning Media in Different Levels of Mathematics Education: A Systematic Review","Education Sciences","2025","2025","http://dx.doi.org/10.3390/educsci15081030","10.3390/educsci15081030"
"Journal Article","Costa B,Georgieva P","Explainable Artificial Intelligence in Healthcare Applications: A Systematic Review","2023 International Scientific Conference on Computer Science (COMSCI)","2023","2023","http://dx.doi.org/10.1109/comsci59259.2023.10315829","10.1109/comsci59259.2023.10315829"
"Journal Article","Ma X,Zhang Y,Li Y,Hu R","Formation and development of the socialist heritage concept: a chronological and thematic theoretical review","Humanities and Social Sciences Communications","2026","2026","http://dx.doi.org/10.1057/s41599-026-06774-3","10.1057/s41599-026-06774-3"
"Journal Article","Bednarczyk L,Reichenpfader D,Gaudet-Blavignac C,Ette AK,Zaghir J,Zheng Y,Bensahla A,Bjelogrlic M,Lovis C","Scientific Evidence for Clinical Text Summarization Using Large Language Models: Scoping Review (Preprint)","","2024","2024","http://dx.doi.org/10.2196/preprints.68998","10.2196/preprints.68998"
"Journal Article","Maciel L,Oliveira A,Rodrigues R,Santiago W,Silva A,Carvalho G,Miranda B","A Systematic Mapping Study on Robotic Testing of Mobile Devices","EUROMICRO Conference on Software Engineering and Advanced Applications","2022","2022","http://dx.doi.org/10.1109/seaa56994.2022.00079","10.1109/seaa56994.2022.00079"
"Journal Article","Yang R,Yang HL,Li X,Liu D,Wang HH,Wei J","Security risk scanning of comprehensive energy multi-source database based on BWOA-SVM algorithm","International Conference on Computer Graphics, Artificial Intelligence, and Data Processing (ICCAID 2021)","2025","2025","http://dx.doi.org/10.1117/12.3061436","10.1117/12.3061436"
"Journal Article","Noda H","The Scabbard of Excalibur: An Allegory on the Role of an Efficient and Effective Healthcare System under Universal Health Coverage during the Pandemic Response","Healthcare","2024","2024","http://dx.doi.org/10.3390/healthcare12100979","10.3390/healthcare12100979"
"Journal Article","Khan WJ,Ali M,Hashim S,Nawaz H,Hashim SN,Safi D,Inayat A","Use of venetoclax in t(11;14) positive relapsed/refractory multiple myeloma: A systematic review","Journal of Oncology Pharmacy Practice","2023","2023","http://dx.doi.org/10.1177/10781552231218999","10.1177/10781552231218999"
"Journal Article","Lipsky A,Silva Â,Gilmour F,Arjona Y,Hogan F,Lloret J,Bolser DG,Haase S,Oesterwind D,Brink TT,Roach M,Ford K","Fisheries independent surveys in a new era of offshore wind energy development","ICES journal of marine science","2024","2024","http://dx.doi.org/10.1093/icesjms/fsae060","10.1093/icesjms/fsae060"
"Journal Article","Venters CC,Capilla R,Nakagawa E,Betz S,Penzenstadler B,Crick T,Brooks I","Sustainable software engineering: Reflections on advances in research and practice","Information and Software Technology","2023","2023","http://dx.doi.org/10.1016/j.infsof.2023.107316","10.1016/j.infsof.2023.107316"
"Journal Article","Sobeng AK,Morrissey J,Bloomer J","Join the Circle: Developing a Non-Western Framework for an Inclusive Circular Economy Discourse","Geography Compass","2025","2025","http://dx.doi.org/10.1111/gec3.70053","10.1111/gec3.70053"
"Journal Article","Santos EA,Souza DG,Silva CE","What Matters in Hiring Professionals for Global Software Development? A SLR and NLP Criteria Clustering","IEEE Transactions on Engineering Management","2023","2023","http://dx.doi.org/10.1109/tem.2023.3279769","10.1109/tem.2023.3279769"
"Journal Article","Pritoni A,Bitonti A,Montalbano G","Lobbying coalitions and their determinants: a systematic literature review","European Political Science Review","2025","2025","http://dx.doi.org/10.1017/s1755773925100143","10.1017/s1755773925100143"
"Journal Article","Ong AY,Hogg H,Kale A,Taribagil P,Kras A,Dow E,Macdonald T,Liu X,Keane P,Denniston A","Artificial intelligence as a medical device for ophthalmic imaging in Europe, Australia, and the United States: protocol for a systematic scoping review of regulated devices (Preprint)","JMIR Research Protocols","2023","2023","http://dx.doi.org/10.2196/52602","10.2196/52602"
"Journal Article","Mao H,Sun W,Deng X,Sadeghi M,Antwi‐Afari MF","Linkage Between Critical Indicators and Performance Outcomes of Corporate Social Responsibility in the Construction Industry: A Review of the Past Two Decades (2004–2024)","Buildings","2025","2025","http://dx.doi.org/10.3390/buildings15050823","10.3390/buildings15050823"
"Journal Article","Kulawik J,Soliwoda M","European Union Financial Instruments as a Source of External Capital in Agriculture","Gospodarka Narodowa","2025","2025","http://dx.doi.org/10.33119/gn/202287","10.33119/gn/202287"
"Journal Article","Gobe I,Mogowa T,Kadimo K,Tlhakanelo JT,Motswaledi M","Mumps disease and vaccination in Africa: A scoping review","Human Vaccines & Immunotherapeutics","2026","2026","http://dx.doi.org/10.1080/21645515.2026.2657111","10.1080/21645515.2026.2657111"
"Journal Article","Ye R,Sibia N,Bernuy AZ,Zhu T,Nobre C,Pammer‐Schindler V,Liut M","From Toil to Thought: Designing for Strategic Exploration and Responsible AI in Systematic Literature Reviews","International Conference on Intelligent User Interfaces","2026","2026","http://dx.doi.org/10.1145/3742413.3789079","10.1145/3742413.3789079"
"Journal Article","Costalonga M,Napoleão B,Baldassarre MT,Felizardo K,Steinmacher I,Kalinowski M","Can Machine Learning Support the Selection of Studies for Systematic Literature Review Updates?","arXiv. org","2025","2025","http://dx.doi.org/10.48550/arxiv.2502.08050","10.48550/arxiv.2502.08050"
"Journal Article","Sakib N,Islam S","The impacts of machine learning on human resource management: a systematic literature review and bibliometric analysis","Future Business Journal","2026","2026","http://dx.doi.org/10.1186/s43093-025-00704-6","10.1186/s43093-025-00704-6"
"Journal Article","Eaton C,Glandon KL,Teper T,Mesmer B,Ferreira S","Conflicting Perceptions of Project Success and Failure Relationships: A Systematic Literature Review","Engineering Management Journal","2025","2025","http://dx.doi.org/10.1080/10429247.2025.2492921","10.1080/10429247.2025.2492921"
"Journal Article","Kaze K,Balta‐Ozkan N,Shrimpton EA","Connecting power to people: Integrating community renewable energy and multi-level governance towards low-carbon energy transition in Nigeria","Energy Research & Social Science","2025","2025","http://dx.doi.org/10.1016/j.erss.2025.103938","10.1016/j.erss.2025.103938"
"Journal Article","Genero M,Piattini M","Teaching Systematic Literature Reviews: Strategies and Best Practices","","2024","2024","http://dx.doi.org/10.1007/978-3-031-71769-7_20","10.1007/978-3-031-71769-7_20"
"Journal Article","Klotz D,Bzikowska‐Jura A,Giribaldi M,Cassidy T,Cavallarin L,Gandino S,Karcz K,Peila C,Smith C,Walczak B,Wesołowska A","Assessing the impact of different donor milk treatments on infant health and growth: a systematic review protocol","BMJ Open","2024","2024","http://dx.doi.org/10.1136/bmjopen-2024-087653","10.1136/bmjopen-2024-087653"
"Journal Article","Putra S,Emral E,Arsil A,Sin T","Konsep model latihan fisik pada sepakbola","Jurnal EDUCATIO: Jurnal Pendidikan Indonesia","2023","2023","http://dx.doi.org/10.29210/1202323429","10.29210/1202323429"
"Journal Article","Ohuei EA,Aji IS","Robotic Systems and Intelligent Maintenance Strategies for Enhanced Manufacturing Efficiency","","2025","2025","http://dx.doi.org/10.38124/ijisrt/25jul799","10.38124/ijisrt/25jul799"
"Journal Article","Jaouhari AE,Samadhiya A,Kumar A,Luthra S","Integrating generative artificial intelligence into green logistics: A systematic review and policy-oriented research agenda","Journal of Cleaner Production","2025","2025","http://dx.doi.org/10.1016/j.jclepro.2025.146018","10.1016/j.jclepro.2025.146018"
"Journal Article","Fantozzi D,Montagnoli A,Trupiano D,Martino PD,Scippa G,Agosto G,Chiatante D,Sferra G","A systematic review of studies on fine and coarse root traits measurement: towards the enhancement of urban forests monitoring and management","Frontiers in Forests and Global Change","2024","2024","http://dx.doi.org/10.3389/ffgc.2024.1322087","10.3389/ffgc.2024.1322087"
"Journal Article","Nishiwaki N,Oe A","Cooperative management of an initial training program: case study of a Czech production site of a Japanese globalized manufacturing firm","International Journal of Operations & Production Management","2023","2023","http://dx.doi.org/10.1108/ijopm-04-2023-0270","10.1108/ijopm-04-2023-0270"
"Journal Article","Lungu S,Nyirenda M","Current Trends in the Management of Distributed Transactions in Micro-Services Architectures: A Systematic Literature Review","Open Journal of Applied Sciences","2024","2024","http://dx.doi.org/10.4236/ojapps.2024.149167","10.4236/ojapps.2024.149167"
"Journal Article","Legate A,Nimon K,Noblin A","(Semi)automated approaches to data extraction for systematic reviews and meta-analyses in social sciences: A living review","F1000Research","2024","2024","http://dx.doi.org/10.12688/f1000research.151493.2","10.12688/f1000research.151493.2"
"Journal Article","Sin BS,Cheng JL","Psychoeducation and Family Intervention by Parents of Children with Attention Deficit Hyperactive Disorder: A Comprehensive Review","Journal of Cognitive Sciences and Human Development","2022","2022","http://dx.doi.org/10.33736/jcshd.4745.2022","10.33736/jcshd.4745.2022"
"Journal Article","Severiano BM,Northey S,Giurco D","Drivers and barriers of voluntary sustainability initiatives in mining raw materials for batteries","The Extractive Industries and Society","2024","2024","http://dx.doi.org/10.1016/j.exis.2024.101552","10.1016/j.exis.2024.101552"
"Journal Article","Bin-Husayn AR,Abdullah M,Rimmel G","The relationship between risk perception and risk management: a systematic literature review","Journal of Risk Research","2025","2025","http://dx.doi.org/10.1080/13669877.2024.2447258","10.1080/13669877.2024.2447258"
"Journal Article","Obeng H,Arhinful R,Mensah L,Osei DA","Investigating the influence of green human resource management practices on employee behavior and organizational commitment in Ghana’s tourism sector","Journal of Tourism Management Research","2024","2024","http://dx.doi.org/10.18488/31.v11i1.3775","10.18488/31.v11i1.3775"
"Journal Article","Asante M,Michelsen ME,Balakumar MM,Kumburegama BW,Sharifan A,Thomsen AR,Korang SK,Gluud C,Menon S","Heterologous versus homologous COVID-19 booster vaccinations for adults: systematic review with meta-analysis and trial sequential analysis of randomised clinical trials","BMC medicine","2024","2024","http://dx.doi.org/10.1186/s12916-024-03471-3","10.1186/s12916-024-03471-3"
"Journal Article","Koh NS,Wong GY,Hahn T","Radical incrementalism: hydropolitics and environmental discourses in Laos","Environmental politics","2024","2024","http://dx.doi.org/10.1080/09644016.2024.2372236","10.1080/09644016.2024.2372236"
"Journal Article","Baltes S,Ralph P","Teaching Literature Reviewing for Software Engineering Research","arXiv. org","2024","2024","http://dx.doi.org/10.48550/arxiv.2406.08369","10.48550/arxiv.2406.08369"
"Journal Article","Nancy O,Stefania D,Andrew LL","A Benchmark for Math Misconceptions: Bridging Gaps in Middle School Algebra with AI-Supported Instruction","arXiv. org","2024","2024","http://dx.doi.org/10.48550/arxiv.2412.03765","10.48550/arxiv.2412.03765"
"Journal Article","Silva JV,Delgado JC,Couto NM,Jácome-Hortúa AM,Ribeiro VB,Melo KY,Ferreira LD,Macedo AR,Souza HC","Effects of Physical Exercise on Cardiovascular Autonomic Modulation in Women with Polycystic Ovary Syndrome: A Systematic Review and Meta-Analysis","PubMed","2025","2025","http://dx.doi.org/10.1111/cen.70042","10.1111/cen.70042"
"Journal Article","Shi Y,Chen Z,Tang Y,Zhang Z,Chen B","Automatic Search Method for Unstructured Database of Natural Language Instructions Combining Cross-Step Matching Word Segmentation Algorithm and Web Text Clustering Analysis Model","2023 3rd International Conference on Electronic Information Engineering and Computer Science (EIECS)","2023","2023","http://dx.doi.org/10.1109/eiecs59936.2023.10435574","10.1109/eiecs59936.2023.10435574"
"Journal Article","Koch H,Lilla N,Schüpbach M","Educational Robotics in Preschool and Primary Education: A Systematic Review of LEGO® WeDo and WeDo 2.0 Interventions and Implications for Extended Education","Technology Knowledge and Learning","2026","2026","http://dx.doi.org/10.1007/s10758-026-09958-7","10.1007/s10758-026-09958-7"
"Journal Article","Romao L,Villamizar H,Oliveira R,Alonso S,Kalinowski M","Agile Management for Machine Learning: A Systematic Mapping Study","arXiv. org","2025","2025","http://dx.doi.org/10.48550/arxiv.2506.20759","10.48550/arxiv.2506.20759"
"Journal Article","Mahmoodi E,Fathi M,Ghobakhloo M","The impact of Industry 4.0 on bottleneck analysis in production and manufacturing: Current trends and future perspectives","Computers & industrial engineering","2022","2022","http://dx.doi.org/10.1016/j.cie.2022.108801","10.1016/j.cie.2022.108801"
"Journal Article","Otero N,Druga S,Lan A","A Benchmark for math misconceptions: bridging gaps in middle school algebra with AI-supported instruction","Discover Education","2025","2025","http://dx.doi.org/10.1007/s44217-025-00742-w","10.1007/s44217-025-00742-w"
"Journal Article","Rique TP,Perkusich Â,Gorgônio K,Almeida H,Perkusich Â","Constructing the graphical structure of expert-based Bayesian networks in the context of software engineering: A systematic mapping study","Information and Software Technology","2024","2024","http://dx.doi.org/10.1016/j.infsof.2024.107586","10.1016/j.infsof.2024.107586"
"Journal Article","VanHoose K","City street experiments and system change: Identifying barriers and enablers to the transformative process","Transportation Research Interdisciplinary Perspectives","2023","2023","http://dx.doi.org/10.1016/j.trip.2023.100982","10.1016/j.trip.2023.100982"
"Journal Article","Battisti L,Menegat S,Rota F,Lombardini C,Chiarello R,Maccarone E,Bagliani M","Il rapporto cibo-spazio e la sfida della sostenibilità ambientale in Italia: una scoping review","Rivista geografica italiana","2023","2023","http://dx.doi.org/10.3280/rgioa4-2023oa16845","10.3280/rgioa4-2023oa16845"
"Journal Article","Khalid S,Tadesse E,Huang X","Sino-African higher education under FOCAC: an integrative review of initiatives, structural impacts, and enduring challenges","Higher Education","2025","2025","http://dx.doi.org/10.1007/s10734-025-01556-3","10.1007/s10734-025-01556-3"
"Journal Article","Cambraia FB,Saurin TA,Bulhões IR,Formoso CT","A knowledge framework of participation supportive of resilient and safe construction projects: A systematic review","Safety Science","2024","2024","http://dx.doi.org/10.1016/j.ssci.2024.106494","10.1016/j.ssci.2024.106494"
"Journal Article","Raihan A","Sustainable Human Settlements in the 21st Century: A Multidimensional Review of Challenges and Solutions","Human Settlements and Sustainability","2026","2026","http://dx.doi.org/10.1016/j.hssust.2026.04.002","10.1016/j.hssust.2026.04.002"
"Journal Article","Du Y,Gao Z,Liu C,Weng Z,Ren X,Li W","Comprehensive Review on Greenhouse Gas Emission Assessment over the Full Life-Cycle of Pavement","Case Studies in Construction Materials","2025","2025","http://dx.doi.org/10.1016/j.cscm.2025.e04407","10.1016/j.cscm.2025.e04407"
"Journal Article","Portela AP,Gonçalves J,Cardoso AS,Vaz AS,Lima LT,Pinto I,Rodrigues S,Antunes SC,Honrado JP","Landscape functioning in reservoir water quality prediction: Current use and predictive capacity","Ecohydrology","2024","2024","http://dx.doi.org/10.1002/eco.2702","10.1002/eco.2702"
"Journal Article","Mair L,Hardwick JD,Mannion NL,Braunholtz L,Carlin B,Sikka T,Hopkins P,Pattison Z","Improving university policies and risk assessment to support inclusive fieldwork in environmental sciences","Ecological Solutions and Evidence","2025","2025","http://dx.doi.org/10.1002/2688-8319.70109","10.1002/2688-8319.70109"
"Journal Article","Gharbi KA,Bonomo Y,Hallinan C","Evidence from Human Studies for Utilising Cannabinoids for the Treatment of Substance-Use Disorders: A Scoping Review with a Systematic Approach","International Journal of Environmental Research and Public Health","2023","2023","http://dx.doi.org/10.3390/ijerph20054087","10.3390/ijerph20054087"
"Journal Article","Albrektsen K","The Sustainability potentials of place: Place reading and indicators for CO2 reduction through urban transformation","SSRN Electronic Journal","2025","2025","http://dx.doi.org/10.2139/ssrn.5646294","10.2139/ssrn.5646294"
"Journal Article","Forsyth A","The Changing Landscape of Scholarly Publishing and Urban Planning","Journal of Planning Literature","2025","2025","http://dx.doi.org/10.1177/08854122251330207","10.1177/08854122251330207"
"Journal Article","Fluhrer P,Brahm T","How small businesses build their brands in a digital world: a systematic review","Review of Managerial Science","2025","2025","http://dx.doi.org/10.1007/s11846-025-00931-9","10.1007/s11846-025-00931-9"
"Journal Article","Prather J,Denny P,Leinonen J,Becker BA,Albluwi I,Craig M,Keuning H,Kiesler N,Kohn T,Luxton-Reilly A,Macneil S,Petersen A,Pettit R,Reeves BN,Šavelka J","The Robots Are Here: Navigating the Generative AI Revolution in Computing Education","ITiCSE-WGR","2023","2023","http://dx.doi.org/10.1145/3623762.3633499","10.1145/3623762.3633499"
"Journal Article","Liu L,Hew K,Du J","Design principles for supporting self-regulated learning in flipped classrooms: A systematic review","International Journal of Educational Research","2024","2024","http://dx.doi.org/10.1016/j.ijer.2024.102319","10.1016/j.ijer.2024.102319"
"Journal Article","Bednarczyk L,Reichenpfader D,Gaudet-Blavignac C,Ette AK,Zaghir J,Zheng Y,Bensahla A,Bjelogrlic M,Lovis C","Beyond enthusiasm. Scientific evidence for clinical text summarization using large language models: A scoping review (Preprint)","Journal of Medical Internet Research","2024","2024","http://dx.doi.org/10.2196/68998","10.2196/68998"
"Journal Article","Romão L,Villamizar H,Oliveira RF,Alonso SV,Kalinowski M","Agile Management for Machine Learning: A Systematic Mapping Study","Lecture notes in computer science","2025","2025","http://dx.doi.org/10.1007/978-3-032-04200-2_24","10.1007/978-3-032-04200-2_24"
"Journal Article","Bednarczyk L,Reichenpfader D,Gaudet-Blavignac C,Ette AK,Zaghir J,Zheng Y,Bensahla A,Bjelogrlic M,Lovis C","Scientific Evidence for Clinical Text Summarization Using Large Language Models: Scoping Review","Journal of Medical Internet Research","2024","2024","http://dx.doi.org/10.2196/68998","10.2196/68998"
"Journal Article","Modiba FS,Mtsweni J","Sustainability and Resilience of Smart Communities in South Africa Using Data-Driven Technologies: A Bibliometric Analysis and Systematic Literature Review","World sustainability series","2026","2026","http://dx.doi.org/10.1007/978-3-032-13412-7_9","10.1007/978-3-032-13412-7_9"
"Journal Article","Grafström J","Decoding the barriers for a circular plastics industry: An equation framework","Sustainable Production and Consumption","2025","2025","http://dx.doi.org/10.1016/j.spc.2025.01.010","10.1016/j.spc.2025.01.010"
"Journal Article","Tirado-Kulieva VA,Castro W","Research trends in spectroscopy combined with chemometrics for cheese analysis: a systematic review","Journal of Food Measurement & Characterization","2026","2026","http://dx.doi.org/10.1007/s11694-026-04156-6","10.1007/s11694-026-04156-6"
"Journal Article","Sharafkhaneh A,Hirshkowitz M,Razjouyan J,BaHammam A,Leppanen T,Shin C,Korkalainen H,Penzel T","Artificial intelligence in sleep medicine I: Diagnosis, treatment, care, and research","Sleep Medicine Reviews","2026","2026","http://dx.doi.org/10.1016/j.smrv.2026.102295","10.1016/j.smrv.2026.102295"
"Journal Article","Hidayat R,Ayub AF,Setambah MA,Mazlan NH","A systematic review of the best practices for teaching mathematical modelling in education context","European Journal of Science and Mathematics Education","2025","2025","http://dx.doi.org/10.30935/scimath/17155","10.30935/scimath/17155"
"Journal Article","Costalonga M,Napoleão BM,Baldassarre MT,Felizardo KR,Steinmacher I,Kalinowski M","Can Machine Learning Support the Selection of Studies for Systematic Literature Review Updates?","2025 IEEE/ACM International Workshop on Methodological Issues with Empirical Studies in Software Engineering (WSESE)","2025","2025","http://dx.doi.org/10.1109/wsese66602.2025.00016","10.1109/wsese66602.2025.00016"
"Journal Article","Campos V,David JM,Ströele V,Braga R","Aligning technical knowledge to an industry domain in global software development: A systematic mapping","Journal of software","2024","2024","http://dx.doi.org/10.1002/smr.2713","10.1002/smr.2713"
"Journal Article","Napoleão BM,Sarkar R,Hallé S,Petrillo F,Kalinowski M","Emerging Results on Automated Support for Searching and Selecting Evidence for Systematic Literature Review Updates","2024 IEEE/ACM International Workshop on Methodological Issues with Empirical Studies in Software Engineering (WSESE)","2024","2024","http://dx.doi.org/10.1145/3643664.3648202","10.1145/3643664.3648202"
"Journal Article","Ashar,Mania ✉S,Malik M,Syamsudduha S,Sadaruddin,Dewi AC","The Impact of Traditional Games on Social-Emotional Development: A Comprehensive Review of Existing Research","Journal of Learning and Development Studies","2024","2024","http://dx.doi.org/10.32996/jlds.2024.4.2.5","10.32996/jlds.2024.4.2.5"
"Journal Article","Leite J,Nhoatto F,Jacob A,Santana R,Lobato F","Computational Tools for Neuronal Morphometric Analysis: A Systematic Search and Review","Neuroinformatics","2024","2024","http://dx.doi.org/10.1007/s12021-024-09674-6","10.1007/s12021-024-09674-6"
"Journal Article","Araújo M,Araújo J,Oliveira R,Romao L,Kalinowski M","Domain Knowledge in Requirements Engineering: A Systematic Mapping Study","arXiv. org","2025","2025","http://dx.doi.org/10.48550/arxiv.2506.20754","10.48550/arxiv.2506.20754"
"Journal Article","Lind C,Abtahi F,Forsman M","Wearable Motion Capture Devices for the Prevention of Work-Related Musculoskeletal Disorders in Ergonomics—An Overview of Current Applications, Challenges, and Future Opportunities","Italian National Conference on Sensors","2023","2023","http://dx.doi.org/10.3390/s23094259","10.3390/s23094259"
"Journal Article","Kreutz H,Jahankhani H","Impact of Artificial Intelligence on Enterprise Information Security Management in the Context of ISO 27001 and 27002: A Tertiary Systematic Review and Comparative Analysis","Advanced sciences and technologies for security applications","2024","2024","http://dx.doi.org/10.1007/978-3-031-52272-7_1","10.1007/978-3-031-52272-7_1"
"Journal Article","Fares-Otero NE,Furukawa Y,Sijbrandij M,Leucht S,Vieta E,Cuijpers P,Harrer M,Seedat S","Efficacy of 3,4-methylenedioxymethamphetamine (MDMA)-assisted therapy for posttraumatic stress disorder: A systematic review and meta-analysis of clinical and functional outcomes","European Neuropsychopharmacology","2026","2026","http://dx.doi.org/10.1016/j.euroneuro.2026.112802","10.1016/j.euroneuro.2026.112802"
"Journal Article","Chappidi S,Singh J,Krauze A","Who Does What? Archetypes of Roles Assigned to LLMs During Human-AI Decision-Making","ArXiv. org","2026","2026","http://dx.doi.org/10.1145/3772318.3791428","10.1145/3772318.3791428"
"Journal Article","Mariam S,Sapriati A,Suroyo S","Snowball throwing learning strategy and learning motivation: keys to success in improving science learning outcomes for high class students","Jurnal Fundadikdas (Fundamental Pendidikan Dasar)","2024","2024","http://dx.doi.org/10.12928/fundadikdas.v7i1.10103","10.12928/fundadikdas.v7i1.10103"
"Journal Article","Wibowo W,Suhariadi F,Nadia FN","Antecedents and consequences of perceived overqualification: a systematic literature review and future research direction","Cogent Business & Management","2025","2025","http://dx.doi.org/10.1080/23311975.2025.2601347","10.1080/23311975.2025.2601347"
"Journal Article","Bandinelli F,Carlo MD,Colantuono VA,Nozzoli F,Salaffi F,Chiocchetti B,Nucci E,Mastricci A,Gherardi E,Manetti M","Post-COVID-19 Small Fiber Neuropathy as a New Emerging Quality of Life-Threatening Disease: A Systematic Review","Microorganisms","2025","2025","http://dx.doi.org/10.3390/microorganisms13020328","10.3390/microorganisms13020328"
"Journal Article","Frountzas M,Liatsou E,Schizas D,Pergialiotis V,Vailas M,Kritikos N,Toutouzas KG,Frountzas M,Liatsou E,Schizas D,Pergialiotis V,Vailas M,Kritikos N,Toutouzas KG","The impact of surgery delay on survival of resectable pancreatic cancer: A systematic review of observational studies","Surgical oncology","2022","2022","http://dx.doi.org/10.1016/j.suronc.2022.101855","10.1016/j.suronc.2022.101855"
"Journal Article","Olagunju KO,Angioloni S,Canavari M","Niche Markets for Sustainable Agri-food Systems: A Systematic Review","Heliyon","2025","2025","http://dx.doi.org/10.1016/j.heliyon.2025.e42346","10.1016/j.heliyon.2025.e42346"
"Journal Article","Fares‐Otero NE,Pérez‐Ramos A,López-Escribano R,Martín-Parra S,Alameda L,Halligan SL,Miskowiak KW,Vieta E","Childhood Maltreatment and Cognitive Functioning in Bipolar Disorder: A Systematic Review and Meta-Analysis","Acta Psychiatrica Scandinavica","2025","2025","http://dx.doi.org/10.1111/acps.13813","10.1111/acps.13813"
"Journal Article","Cantarelli C,Davis K,Pinto JK,Turner N","Reference class forecasting: promises, problems, and a research agenda moving forward","Production Planning & Control","2025","2025","http://dx.doi.org/10.1080/09537287.2025.2578708","10.1080/09537287.2025.2578708"
"Journal Article","Batra R,Atiq SZ","Emotions and Self-Efficacy of Undergraduate Computing and Engineering Students: A Systematic Literature Review","Technical Symposium on Computer Science Education","2025","2025","http://dx.doi.org/10.1145/3641554.3701904","10.1145/3641554.3701904"
"Journal Article","Edalat S","Advancing Circular Economy of Bio-Based Building Materials: Critical Gaps and Future Prospects","Circular Economy and Sustainability","2026","2026","http://dx.doi.org/10.1007/s43615-026-00729-1","10.1007/s43615-026-00729-1"
"Journal Article","Souza DF,Silva PP,Sauer I,Almeida AT,Tatizawa H","Life Cycle Assessment of Electric Motors - A Systematic Literature Review","Journal of Cleaner Production","2024","2024","http://dx.doi.org/10.1016/j.jclepro.2024.142366","10.1016/j.jclepro.2024.142366"
"Journal Article","Zhan Z,Yang Q,Luo L,Zhang X","Applying functional near-infrared spectroscopy (fNIRS) in educational research: a systematic review","Current Psychology","2023","2023","http://dx.doi.org/10.1007/s12144-023-05094-y","10.1007/s12144-023-05094-y"
"Journal Article","Souza CS,Silveira MS,Manssour I","Investigating User's Attentional Focus in Computational Environments: A Literature Review with Emphasis on Webcam Data","Brazilian Symposium on Multimedia and the Web","2024","2024","http://dx.doi.org/10.5753/webmedia.2024.241929","10.5753/webmedia.2024.241929"
"Journal Article","Santos V,Iwazaki AY,Felizardo KR,Souza É,Nakagawa EY","Sustainable systematic literature reviews","Information and Software Technology","2024","2024","http://dx.doi.org/10.1016/j.infsof.2024.107551","10.1016/j.infsof.2024.107551"
"Journal Article","Felizardo K,Souza FC,Souza AC,Napoleão B,Steinmacher I,Gerosa M","Assessing Diversity in Creating Seed Set for Snowballing Search for Systematic Literature Review in Software Engineering","International Symposium on Empirical Software Engineering and Measurement","2025","2025","http://dx.doi.org/10.1109/esem64174.2025.00028","10.1109/esem64174.2025.00028"
"Journal Article","Mazur JE,Antoneli V,Thomaz EL","Impact of unpaved roads on the fluvial ecosystems in the XXI century: a review","Acta Limnologica Brasiliensia","2026","2026","http://dx.doi.org/10.1590/s2179-975x3725","10.1590/s2179-975x3725"
"Journal Article","Barros CF,Azevedo BB,Neto VV,Kassab M,Kalinowski M,Nascimento HA,Bandeira MC","Large Language Model for Qualitative Research -- A Systematic Mapping Study","arXiv. org","2024","2024","http://dx.doi.org/10.48550/arxiv.2411.14473","10.48550/arxiv.2411.14473"
"Journal Article","Mourão É,Trevisan D,Viterbo J,Sobral AP,Silva M,Pantoja CE","Investigating the Adoption of Research Software: From Success Factors to Challenges Faced by Brazilian Academic Researchers","Journal of Software Engineering Research and Development","2025","2025","http://dx.doi.org/10.5753/jserd.2025.3696","10.5753/jserd.2025.3696"
"Journal Article","Oyeniji O,Wakunuma K,Owoseni A","Charting neuroethics discourse in Africa: A scoping review of ethical issues of neuroscience research in Africa","IBRO Neuroscience Reports","2025","2025","http://dx.doi.org/10.1016/j.ibneur.2025.06.002","10.1016/j.ibneur.2025.06.002"
"Journal Article","Samaras MG,Pouliakis A,Skaretzos K,Boutas I,Kontogeorgi A,Dimas D,Ieronimaki A,Zanelli M,Palicelli A,Zizzo M,Broggi G,Caltabiano R,Salzano S,Koufopoulos NI","Clear Cell Renal Cell Carcinoma Metastasis to the Thyroid: A Narrative Review of the Literature","Cancers","2025","2025","http://dx.doi.org/10.3390/cancers18010057","10.3390/cancers18010057"
"Journal Article","Bruhn S,Lüken MM","A framework to characterize young school children's individual mathematical creativity—an integrative review","Asian Journal for Mathematics Education","2023","2023","http://dx.doi.org/10.1177/27527263231163267","10.1177/27527263231163267"
"Journal Article","Mahmoodi E,Fathi M,Ghobakhloo M","The impact of Industry 4.0 on bottleneck analysis in production and manufacturing: Current trends and future perspectives","Computers & industrial engineering","2022","2022","http://dx.doi.org/10.1016/j.cie.2022.108801","10.1016/j.cie.2022.108801"
"Journal Article","Elkefi S,Zeinoun G,Tounsi A,Bruzzese J,Lelutiu‐Weinberger C,Matthews AK","Second-Hand Smoke Exposure and Risk of Lung Cancer Among Nonsmokers in the United States: A Systematic Review and Meta-Analysis","International Journal of Environmental Research and Public Health","2025","2025","http://dx.doi.org/10.3390/ijerph22040595","10.3390/ijerph22040595"
"Journal Article","Castillo-Zapata K,Luján-Vera PE,Lachira-Estrada D,Saavedra-Navarro Y,Tirado-Kulieva V","Scientific mapping of global research trends on native fruits","Discover Food","2025","2025","http://dx.doi.org/10.1007/s44187-025-00478-4","10.1007/s44187-025-00478-4"
"Journal Article","Squire M,Madgett A,Burdon D,Scott B,Marlow J,Gormley K","Understanding the role of offshore energy structures in ecosystem service delivery: Applying global findings to the North Sea","Ecosystem Services","2026","2026","http://dx.doi.org/10.1016/j.ecoser.2025.101811","10.1016/j.ecoser.2025.101811"
"Journal Article","Bangert HH,Deimling C,Eßig M","Catalyzing public procurement of innovation: a typology of intermediary functions","Management Review Quarterly","2026","2026","http://dx.doi.org/10.1007/s11301-026-00587-z","10.1007/s11301-026-00587-z"
"Journal Article","Assis LS,Usberti FL,Demir E,Cavellucci C,Laporte G","Operational research on dengue: critical review and research agenda","Journal of the Operational Research Society","2024","2024","http://dx.doi.org/10.1080/01605682.2024.2436622","10.1080/01605682.2024.2436622"
"Journal Article","Polomoshnov J,Masso A,Lobanova K","Comparing Digital, Data, and AI Literacy: A Narrative Review","Information Polity","2025","2025","http://dx.doi.org/10.1177/15701255251401863","10.1177/15701255251401863"
"Journal Article","Lenart R,Sułkowski Ł","The academic ecosystems: A systematic literature review","Economics & Sociology","2025","2025","http://dx.doi.org/10.14254/2071-789x.2025/18-3/14","10.14254/2071-789x.2025/18-3/14"
"Journal Article","Popescu I,Cimino A,Coniglio IM","A business ethics perspective on constructive deviant behavior in organizations: A literature review and an integrated framework proposal","Business ethics, the environment & responsibility","2024","2024","http://dx.doi.org/10.1111/beer.12718","10.1111/beer.12718"
"Journal Article","Lima A,Trevisan D","Challenges and Opportunities in Using Electronic Prototyping as a Maker Tool","Simpósio Brasileiro de Fatores Humanos em Sistemas Computacionais","2024","2024","http://dx.doi.org/10.1145/3702038.3702092","10.1145/3702038.3702092"
"Journal Article","Mareș CR,Săsăran M,Mărginean C","The relationship between small intestinal bacterial overgrowth and constipation in children – a comprehensive review","Frontiers in Cellular and Infection Microbiology","2024","2024","http://dx.doi.org/10.3389/fcimb.2024.1431660","10.3389/fcimb.2024.1431660"
"Journal Article","Collet R,van Grootel J,van Dongen J,Wiertsema SH,Ostelo R,Schaaf M,Lazzari E,Geleijn E,Major M,Leeden M","The impact of multidisciplinary transitional care interventions for complex care needs: A systematic review and meta-analysis","The Gerontologist","2025","2025","http://dx.doi.org/10.1093/geront/gnaf088","10.1093/geront/gnaf088"
"Journal Article","Viglio SS,Rodrigues PA,Jawabri OA,Espindola VP,Figueredo LS,Bulcão-Neto RF,Ribeiro-Rotta R,Neto VV","A Systematic Mapping on Software Functionalities in Information Systems Used by Community Health Agents for Mouth Cancer Prevention","Brazilian Symposium on Information Systems","2025","2025","http://dx.doi.org/10.5753/sbsi.2025.245959","10.5753/sbsi.2025.245959"
"Journal Article","Leite J,Nhoatto F,Jacob AC,Santana R,Lobato FM","Computational Tools for Neuronal Morphometric Analysis: A Systematic Search and Review","Neuroinformatics","2024","2024","http://dx.doi.org/10.1007/s12021-024-09674-6","10.1007/s12021-024-09674-6"
"Journal Article","Huotala A,Kuutila M,Ralph P,Mäntylä M","The Promise and Challenges of Using LLMs to Accelerate the Screening Process of Systematic Reviews","International Conference on Evaluation & Assessment in Software Engineering","2024","2024","http://dx.doi.org/10.1145/3661167.3661172","10.1145/3661167.3661172"
"Journal Article","Yiğitcanlar T,David AK,Li W,Fookes C,Bibri SE,Ye X","Unlocking Artificial Intelligence Adoption in Local Governments: Best Practice Lessons from Real-World Implementations","Smart cities","2024","2024","http://dx.doi.org/10.3390/smartcities7040064","10.3390/smartcities7040064"
"Journal Article","Debrock S,Van Acker M,Admiraal H","Design recommendations for sustainable urban underground spaces","Tunnelling and Underground Space Technology","2023","2023","http://dx.doi.org/10.1016/j.tust.2023.105332","10.1016/j.tust.2023.105332"
"Journal Article","Fugaro S,Sgalambro A","Multi-Objective Facility Location Problems: Systematic Literature Review and research agenda","Computers & Industrial Engineering","2026","2026","http://dx.doi.org/10.1016/j.cie.2026.111994","10.1016/j.cie.2026.111994"
"Journal Article","Silva E,Trevisan D,Viterbo J,Pantoja CE","A Systematic Mapping Study on the Use and Development of Research Software","Lecture notes in networks and systems","2024","2024","http://dx.doi.org/10.1007/978-3-031-54256-5_12","10.1007/978-3-031-54256-5_12"
"Journal Article","Legate AE,Nimon K,Noblin A","(Semi)automated approaches to data extraction for systematic reviews and meta-analyses in social sciences: A living review","F1000Research","2024","2024","http://dx.doi.org/10.12688/f1000research.151493.1","10.12688/f1000research.151493.1"
"Journal Article","Gwabavu M,Bansal RC,Shakantu W,Nyandeni L,Owolawi PA,Madwe MC","Intelligent optimisation for sustainable development of onshore wind farm battery energy storage systems: A systematic review","Energy Strategy Reviews","2026","2026","http://dx.doi.org/10.1016/j.esr.2026.102109","10.1016/j.esr.2026.102109"
"Journal Article","Santos R,Cunha F,Rique T,Perkusich M,Neto AF,Albuquerque D,Almeida H,Perkusich A","Evolution of Teamwork Quality Instruments in Agile Software Development: A Systematic Literature Review","Brazilian Symposium on Software Engineering","2023","2023","http://dx.doi.org/10.1145/3613372.3613404","10.1145/3613372.3613404"
"Journal Article","Teixeira PG,Lebtag B,Santos RP,Kassab M,Horita F,Neto VV","Externalizing Requirements for Achieving Operational Independence in Systems-of-Systems: A Mapping Study","International Symposium on Service Oriented Software Engineering","2023","2023","http://dx.doi.org/10.1109/sose59841.2023.10178558","10.1109/sose59841.2023.10178558"
"Journal Article","Lyu FF,Ramoo V,Chui PL,Ng CG","Efficacy of Mindfulness Exercises for Primary Osteoporosis Pain and Balance: A Systematic Review and Network Meta-Analysis","Orthopedic Nursing","2024","2024","http://dx.doi.org/10.1097/nor.0000000000001059","10.1097/nor.0000000000001059"
"Journal Article","Rey S,Santos PS,Travassos G,Franch X,Mart'inez-Fern'andez S","Aggregating Empirical Evidence from Data Strategies Studies: A Case on Model Quantization","International Symposium on Empirical Software Engineering and Measurement","2025","2025","http://dx.doi.org/10.1109/esem64174.2025.00049","10.1109/esem64174.2025.00049"
"Journal Article","Muianga EA,Oliveira KP,Granja AD","Strategic perspectives for modular construction adoption","Ambiente Construído","2025","2025","http://dx.doi.org/10.1590/s1678-86212025000100924","10.1590/s1678-86212025000100924"
"Journal Article","Aljedaani W,Mollik RH,Saad E,Eler MM,Alghamdi AM","Challenges and barriers faced by blind and visually impaired users on social media: a systematic literature review","Universal Access in the Information Society","2025","2025","http://dx.doi.org/10.1007/s10209-025-01241-3","10.1007/s10209-025-01241-3"
"Journal Article","Collet RJ,Ben ÂJ,Varga AN,van Leth F,Alili ME,Esser J,Bosmans JE,van Dongen JM","Statistical Methods to Adjust for Treatment Switching in Real-World Clinical Studies: A Scoping Review and Descriptive Comparison","Clinical pharmacology and therapy","2025","2025","http://dx.doi.org/10.1002/cpt.70013","10.1002/cpt.70013"
"Journal Article","Wang H,Liu Z,Visscher H,Qian QK","Mapping Barriers to Strategies: A Dynamic Stakeholder–Stage Framework for Nearly Zero Energy Buildings","Building and Environment","2025","2025","http://dx.doi.org/10.1016/j.buildenv.2025.113653","10.1016/j.buildenv.2025.113653"
"Journal Article","Castrejon-Esparza NM,González-Trevizo ME,Martínez-Torres KE,Santamouris M","Optimizing urban morphology: Evolutionary design and multi-objective optimization of thermal comfort and energy performance-based city forms for microclimate adaptation","Energy and Buildings","2025","2025","http://dx.doi.org/10.1016/j.enbuild.2025.115750","10.1016/j.enbuild.2025.115750"
"Journal Article","Córdoba-Misas M,Calderón O,Brakewood C","Freight-on-transit: A systematic review centered on freight needs, methods, and real-world implementations","Transportation Research Part A Policy and Practice","2026","2026","http://dx.doi.org/10.1016/j.tra.2026.104864","10.1016/j.tra.2026.104864"
"Journal Article","Galster H,Wal AJ,Batenburg A,Koning V,Faaij A","A comprehensive review of integrating behavioral drivers of technology adoption and energy service use in energy system models","Renewable and Sustainable Energy Reviews","2025","2025","http://dx.doi.org/10.1016/j.rser.2025.115520","10.1016/j.rser.2025.115520"
